Zona,Tipo,Concepto
PLAYA COSTA DEL SOL,Origen,Playa
PLAYA SANTA MARIA DEL MAR,Origen,Playa
MIRAFLORES LA AURORA,Origen,Ciudad
BOULEVARD DE ASIA,Origen,Boulevard
PLAYA PUERTO VIEJO,Origen,Playa
BOULEVARD DE ASIA,Origen,Boulevard
BOULEVARD DE ASIA,Origen,Boulevard
PLAYA GAVIOTAS,Origen,Playa
PLAYA BORA BORA,Origen,Playa
PLAYA BORA BORA,Origen,Playa
BOULEVARD DE ASIA,Origen,Boulevard
BOULEVARD DE ASIA,Origen,Boulevard
BOULEVARD DE ASIA,Origen,Boulevard
BOULEVARD DE ASIA,Origen,Boulevard
BOULEVARD DE ASIA,Origen,Boulevard
BOULEVARD DE ASIA,Origen,Boulevard
BOULEVARD DE ASIA,Origen,Boulevard
BOULEVARD DE ASIA,Origen,Boulevard
BOULEVARD DE ASIA,Origen,Boulevard
BOULEVARD DE ASIA,Origen,Boulevard
BOULEVARD DE ASIA,Origen,Boulevard
BOULEVARD DE ASIA,Origen,Boulevard
BOULEVARD DE ASIA,Origen,Boulevard
BOULEVARD DE ASIA,Origen,Boulevard
BOULEVARD DE ASIA,Origen,Boulevard
BOULEVARD DE ASIA,Origen,Boulevard
BOULEVARD DE ASIA,Origen,Boulevard
BOULEVARD DE ASIA,Origen,Boulevard
BOULEVARD DE ASIA,Origen,Boulevard
BOULEVARD DE ASIA,Origen,Boulevard
BOULEVARD DE ASIA,Origen,Boulevard
BOULEVARD DE ASIA,Origen,Boulevard
BOULEVARD DE ASIA,Origen,Boulevard
BOULEVARD DE ASIA,Origen,Boulevard
BOULEVARD DE ASIA,Origen,Boulevard
BOULEVARD DE ASIA,Origen,Boulevard
BOULEVARD DE ASIA,Origen,Boulevard
BOULEVARD DE ASIA,Origen,Boulevard
BOULEVARD DE ASIA,Origen,Boulevard
BOULEVARD DE ASIA,Origen,Boulevard
BOULEVARD DE ASIA,Origen,Boulevard
BOULEVARD DE ASIA,Origen,Boulevard
BOULEVARD DE ASIA,Origen,Boulevard
BOULEVARD DE ASIA,Origen,Boulevard
BOULEVARD DE ASIA,Origen,Boulevard
BOULEVARD DE ASIA,Origen,Boulevard
BOULEVARD DE ASIA,Origen,Boulevard
BOULEVARD DE ASIA,Origen,Boulevard
PLAYA GALÁPAGOS - ALGARROBOS,Origen,Playa
BOULEVARD DE ASIA,Origen,Boulevard
BOULEVARD DE ASIA,Origen,Boulevard
BOULEVARD DE ASIA,Origen,Boulevard
BOULEVARD DE ASIA,Origen,Boulevard
BOULEVARD DE ASIA,Origen,Boulevard
BOULEVARD DE ASIA,Origen,Boulevard
BOULEVARD DE ASIA,Origen,Boulevard
BOULEVARD DE ASIA,Origen,Boulevard
BOULEVARD DE ASIA,Origen,Boulevard
BOULEVARD DE ASIA,Origen,Boulevard
BOULEVARD DE ASIA,Origen,Boulevard
BOULEVARD DE ASIA,Origen,Boulevard
BOULEVARD DE ASIA,Origen,Boulevard
BOULEVARD DE ASIA,Origen,Boulevard
BOULEVARD DE ASIA,Origen,Boulevard
BOULEVARD DE ASIA,Origen,Boulevard
BOULEVARD DE ASIA,Origen,Boulevard
BOULEVARD DE ASIA,Origen,Boulevard
BOULEVARD DE ASIA,Origen,Boulevard
BOULEVARD DE ASIA,Origen,Boulevard
BOULEVARD DE ASIA,Origen,Boulevard
BOULEVARD DE ASIA,Origen,Boulevard
BOULEVARD DE ASIA,Origen,Boulevard
BOULEVARD DE ASIA,Origen,Boulevard
BOULEVARD DE ASIA,Origen,Boulevard
BOULEVARD DE ASIA,Origen,Boulevard
BOULEVARD DE ASIA,Origen,Boulevard
BOULEVARD DE ASIA,Origen,Boulevard
BOULEVARD DE ASIA,Origen,Boulevard
BOULEVARD DE ASIA,Origen,Boulevard
BOULEVARD DE ASIA,Origen,Boulevard
BOULEVARD DE ASIA,Origen,Boulevard
BOULEVARD DE ASIA,Origen,Boulevard
BOULEVARD DE ASIA,Origen,Boulevard
BOULEVARD DE ASIA,Origen,Boulevard
LA VICTORIA SANTA CATALINA,Origen,Ciudad
PLAYA SANTA MARIA DEL MAR,Origen,Playa
PLAYA LAS PALMAS,Origen,Playa
PLAYA PLAYA GALLARDO - PALMERAS,Origen,Playa
PLAYA PUERTO MADERO,Origen,Playa
PLAYA MALLORCA DE ASIA - COND. FORMENTERA,Origen,Playa
PLAYA LA ENCONTRADA,Origen,Playa
PLAYA SANTA MARIA DEL MAR,Origen,Playa
PLAYA MIRADOR DE ASIA,Origen,Playa
BOULEVARD DE ASIA,Origen,Boulevard
BOULEVARD DE ASIA,Origen,Boulevard
BOULEVARD DE ASIA,Origen,Boulevard
BOULEVARD DE ASIA,Origen,Boulevard
BOULEVARD DE ASIA,Origen,Boulevard
BOULEVARD DE ASIA,Origen,Boulevard
BOULEVARD DE ASIA,Origen,Boulevard
BOULEVARD DE ASIA,Origen,Boulevard
BOULEVARD DE ASIA,Origen,Boulevard
BOULEVARD DE ASIA,Origen,Boulevard
BOULEVARD DE ASIA,Origen,Boulevard
BOULEVARD DE ASIA,Origen,Boulevard
BOULEVARD DE ASIA,Origen,Boulevard
BOULEVARD DE ASIA,Origen,Boulevard
BOULEVARD DE ASIA,Origen,Boulevard
BOULEVARD DE ASIA,Origen,Boulevard
BARRANCO,Origen,Ciudad
MIRAFLORES BERLIN,Destino,Ciudad
SAN ISIDRO BELEN,Destino,Ciudad
PLAYA PUERTO NUEVO - LAS LAGUNAS,Destino,Playa
PLAYA MALLORCA DE ASIA - COND. FORMENTERA,Destino,Playa
LA MOLINA SANTA PATRICIA,Destino,Ciudad
PLAYA BORA BORA,Destino,Playa
PLAYA CHOCALLA - REAL CLUB,Destino,Playa
BOULEVARD DE ASIA,Destino,Boulevard
BOULEVARD DE ASIA,Destino,Boulevard
BOULEVARD DE ASIA,Destino,Boulevard
BOULEVARD DE ASIA,Destino,Playa
PLAYA KAPALA,Destino,Playa
PLAYA LOS FLAMENCOS,Destino,Playa
BOULEVARD DE ASIA,Destino,Playa
CONFIRMAN,Destino,Playa
BOULEVARD DE ASIA,Destino,Playa
PLAYA GAVIOTAS,Destino,Playa
PLAYA COCOA,Destino,Playa
BOULEVARD DE ASIA,Destino,Playa
BOULEVARD DE ASIA,Destino,Playa
MALA,Destino,Playa
PLAYA BLANCA,Destino,Playa
PLAYA CHOCALLA - REAL CLUB,Destino,Playa
PLAYA CAYMA,Destino,Playa
PLAYA CERRO AZUL,Destino,Playa
PLAYA LAS PALMAS,Destino,Playa
PLAYA MIRADOR DE ASIA,Destino,Playa
PLAYA COCOA,Destino,Playa
PLAYA ASIA DEL MAR,Destino,Playa
PLAYA CONDOMINIO PLAYA CORAL,Destino,Playa
PLAYA KAPALA,Destino,Playa
PLAYA CONDOMINIO PLAYA CORAL,Destino,Playa
BOULEVARD DE ASIA,Destino,Playa
BOULEVARD DE ASIA,Destino,Playa
BOULEVARD DE ASIA,Destino,Playa
PLAYA LAS BRISAS,Destino,Playa
PLAYA ASIA DEL GOLF,Destino,Playa
BOULEVARD DE ASIA,Destino,Playa
PLAYA ASIA DEL GOLF,Destino,Playa
BOULEVARD DE ASIA,Destino,Playa
PLAYA BLANCA,Destino,Playa
PLAYA ASIA DEL GOLF,Destino,Playa
PLAYA KAPALA,Destino,Playa
BOULEVARD DE ASIA,Destino,Playa
PLAYA PALABRITAS,Destino,Playa
PLAYA ASIA DEL GOLF,Destino,Playa
BOULEVARD DE ASIA,Destino,Playa
PLAYA LAS ARENAS,Destino,Playa
BOULEVARD DE ASIA,Destino,Boulevard
PLAYA CHEPECONDE,Destino,Playa
PLAYA DEL SOL,Destino,Playa
PLAYA LA ISLA,Destino,Playa
SURCO SAN ROQUE,Destino,Ciudad
PLAYA DEL GOLF,Destino,Playa
PLAYA KAPALA,Destino,Playa
BOULEVARD DE ASIA,Destino,Playa
BOULEVARD DE ASIA,Destino,Playa
PLAYA BLANCA,Destino,Playa
BOULEVARD DE ASIA,Destino,Playa
PLAYA ASIA DEL GOLF,Destino,Playa
BOULEVARD DE ASIA,Destino,Playa
PLAYA DEL GOLF,Destino,Playa
BOULEVARD DE ASIA,Destino,Playa
PLAYA BONITA,Destino,Playa
PLAYA COCOA,Destino,Playa
BOULEVARD DE ASIA,Destino,Playa
PLAYA CHOCALLA - REAL CLUB,Destino,Playa
BOULEVARD DE ASIA,Destino,Playa
BOULEVARD DE ASIA,Destino,Playa
BOULEVARD DE ASIA,Destino,Playa
BOULEVARD DE ASIA,Destino,Playa
PLAYA DEL SOL,Destino,Playa
BOULEVARD DE ASIA,Destino,Playa
PLAYA MALLORCA DE ASIA - COND. FORMENTERA,Destino,Playa
BOULEVARD DE ASIA,Destino,Playa
BOULEVARD DE ASIA,Destino,Playa
BOULEVARD DE ASIA,Destino,Playa
PLAYA DEL GOLF,Destino,Playa
BOULEVARD DE ASIA,Destino,Playa
BOULEVARD DE ASIA,Destino,Playa
PLAYA BLANCA,Destino,Playa
BOULEVARD DE ASIA,Destino,Playa
BOULEVARD DE ASIA,Destino,Playa
PLAYA LAS BRISAS,Destino,Playa
PLAYA SANTA MARIA DEL MAR,Destino,Playa
MIRAFLORES LARCO,Destino,Ciudad
PLAYA BLANCA,Destino,Playa
PLAYA CONDOMINIO PLAYA CORAL,Destino,Playa
SAN BORJA PENTAGONITO,Destino,Ciudad
PLAYA TOTORITAS,Destino,Playa
PLAYA BLANCA,Destino,Playa
LA VICTORIA SANTA CATALINA,Destino,Ciudad
BOULEVARD DE ASIA,Destino,Boulevard
PLAYA MALLORCA DE ASIA - COND. FORMENTERA,Destino,Playa
PLAYA LAS BRISAS,Destino,Playa
PLAYA LA JOYA,Destino,Playa
SURQUILLO BARRIO MEDICO,Destino,Ciudad
PLAYA KAPALA,Destino,Playa
PLAYA MIRADOR DE ASIA,Destino,Playa
BOULEVARD DE ASIA,Destino,Playa
PLAYA LOMAS DEL MAR,Destino,Playa
PLAYA BLANCA,Destino,Playa
BOULEVARD DE ASIA,Destino,Playa
PLAYA LAS ARENAS,Destino,Playa
PLAYA BONITA,Destino,Playa
PLAYA PALABRITAS,Destino,Playa
PLAYA LA CAPILLA,Destino,Playa
BOULEVARD DE ASIA,Destino,Playa
BOULEVARD DE ASIA,Destino,Playa
PLAYA LOS LOBOS KM 127,Destino,Playa
